{
  "list": [
    {
      "title": "Tapatio",
      "subtitle": "Tapatío is a hot sauce, produced in Vernon, California",
      "description": "'Tapatío' is the name given to people from Guadalajara, Jalisco: the company's founders come from Guadalajara. It is exported to Mexico, Canada, Central America, Australia and a few countries in Europe. The ingredients, as listed on the product label, are: water, red peppers, salt, spices, garlic, acetic acid, xanthan gum and sodium benzoate as a preservative. Tapatío comes in five sizes: 5, 10, and 32 fl oz., and 1 gallon (3.785 liters), as well as in 7 gram packets. The product slogan is 'Es una salsa ... Muy salsa' (roughly, 'It's a sauce... (that's) very saucy')",
      "imageURL": "https://upload.wikimedia.org/wikipedia/en/9/9a/Charo_white_bg.jpg"
    },
    {
      "title": "Tabasco",
      "subtitle": "Tabasco sauce is made exclusively from tabasco peppers.",
      "description": "'Tapatío' is the name given to people from Guadalajara, Jalisco: the company's founders come from Guadalajara. It is exported to Mexico, Canada, Central America, Australia and a few countries in Europe. The ingredients, as listed on the product label, are: water, red peppers, salt, spices, garlic, acetic acid, xanthan gum and sodium benzoate as a preservative. Tapatío comes in five sizes: 5, 10, and 32 fl oz., and 1 gallon (3.785 liters), as well as in 7 gram packets. The product slogan is 'Es una salsa ... Muy salsa' (roughly, 'It's a sauce... (that's) very saucy')",
      "imageURL": "https://upload.wikimedia.org/wikipedia/commons/thumb/d/d2/Tabasco-varieties.jpg/1920px-Tabasco-varieties.jpg"
    },
     {
      "title": "El Yucateco",
      "subtitle": "El Yucateco vision is making the #1 Habanero sauce in the world.",
      "description": "The YUCATECO SALSAS Y CONDIMENTOS, a company created in 1968 by Mr. Priamo J. Gamboa, started out as a small family business devoted to the production of homemade habanero pepper sauces. Nowadays it is a world-renowned company, pioneer in producing and exporting fiery habanero pepper sauces, as well as a variety of traditional Mexican products to the U.S.,  Europe, Asia and Oceania. In addition, we have a modern manufacturing facility and our own Habanero and Annatto fields, which are our main raw materials. In 1999, the international magazine industry, the Fiery Foods Magazine, honored with a 1st Place in taste and presentation to our sauce KutBil-Ik among a sample of 400 brands worldwide. - See more at: http://www.elyucateco.com/company#sthash.de3AdMbg.dpuf",
      "imageURL": "http://padillagroup.com/content/uploads/002a-el-yucateco-red-chile-habanero-sauce-4oz.jpg"
    },
     {
      "title": "Texas Pete",
      "subtitle": "A Louisiana-style hot sauce.",
      "description": "is a Louisiana-style hot sauce in the United States developed and manufactured by the TW Garner Food Company in Winston-Salem, North Carolina. The brand has 6 and 12 oz bottles with bright red sauce, shaker top, and white and yellow label featuring the name in red and 'Texas Pete', a red silhouette cowboy. Texas Pete is fairly mild, registering 747 on the Scoville heat scale.[1] Their auxiliary branded Hotter Hot Sauce makes a claim of three times hotter than that of the original Texas Pete. 'Embrace your 'Cha!ddiction' is Texas Pete marketing slogan meaning 'indulging in this sweet and spicy paste'. In 2016, the TW Garner Food Company discontinued production of its Texas Pete Chili Sauce for hot dogs and hamburgers.",
      "imageURL": "http://www.hotsauce.com//v/vspfiles/photos/1521TP-2T.jpg"
    },
    {
      "title": "Cholula",
      "subtitle": "A brand of chili-based hot sauce.",
      "description": "Cholula hot sauce is a brand of chili-based hot sauce, manufactured in Chapala, Jalisco, Mexico, and licensed by José Cuervo. According to its manufacturers, Cholula hot sauce rates 1,000 on the Scoville scale though other sources measure it as being over three times hotter, at 3,600 Scoville units. The product is packaged with an iconic round wooden top. Five varieties of Cholula are widely marketed in North America, including Original, Chipotle, Chili Garlic, Chili Lime, and Green Pepper.",
      "imageURL": "https://images-na.ssl-images-amazon.com/images/I/41Qqkp-5apL.jpg"
    },
    {
      "title": "Sriracha",
      "subtitle": "A type of hot sauce or chili sauce named after city of Si Racha.",
      "description": "Sriracha is a type of hot sauce or chili sauce made from a paste of chili peppers, distilled vinegar, garlic, sugar, and salt. It is named after the coastal city of Si Racha, in Chonburi Province of eastern Thailand, where it may have been first produced for dishes served at local seafood restaurants.",
      "imageURL": "http://www.thailandfoundation.net/main/contents/images/text_editor/images/sriracha.jpg"
    },
    {
      "title": "Louisiana",
      "subtitle": "Louisiana Hot Sauce is a brand of hot sauce manufactured in New Iberia, Louisiana.",
      "description": "Louisiana Hot Sauce is a brand of hot sauce manufactured in New Iberia, Louisiana by The Original Louisiana Hot Sauce Co., which is owned by Southeastern Mills Inc. The product's labeling includes the word 'original', and it is sometimes referred to as 'Original Louisiana Hot Sauce' and 'Original Louisiana Brand Hot Sauce.'It is a common hot sauce in the U.S. state of Louisiana. Bruce Foods was the previous owner and manufacturer of the brand, and sold it to Southeastern Mills Inc. in April 2015..",
      "imageURL": "https://upload.wikimedia.org/wikipedia/en/5/5b/Louisiana_Hot_Sauce.jpeg"
    },
    {
      "title": "Frank's RedHot",
      "subtitle": "A hot sauce made from a variety of cayenne peppers.",
      "description": "Frank's RedHot's recipe dates to 1896 to the Frank Tea and Spice Company in Cincinnati, Ohio. In 1918, owner Jacob Frank contracted for the Estilette Pepper Farm in Louisiana where Adam Estilette and Frank became business partners. The two men mixed spices, vinegar, garlic and cayenne peppers and allowed them to age, and created the original blend of Frank's RedHot as it first appeared on the market in 1920. The Original blend ranks low on the Scoville scale with 450 SHUs, but the XTRA Hot has 2,000 SHUs. It is known as the primary ingredient in the first buffalo wing sauce, concocted in 1964 by Teressa Bellissimo at the Anchor Bar and Grill in Buffalo, New York. It is also used in Wish-Bone's new Buffalo Ranch dressing. In 1977 Frank's RedHot was sold to Durkee Famous Foods.[1] Since the purchase of the Durkee brand in 1995, it is owned by Reckitt Benckiser. Frank's is produced in Springfield, Missouri. In 2007 Thanasi Foods began marketing licensed Frank's RedHot flavored beef jerky and meat snacks.",
      "imageURL": "https://upload.wikimedia.org/wikipedia/en/8/83/FranksBottleShot1.jpg"
    }
  ]
}